{"scope.version":"2","timeline.animationMode":"proMode","viewport.width":1146,"viewport.height":417,"library.openDirectories":["/Users/andreaillescas/Desktop/S2M08UF1B02_illescasA/s1m08uf1b02_Illescas/assets/Untitled"],"library.GroupsPath":{},"library.downloadedAssets":{},"design.zoom":0.6944444444444445,"color.customColorPalettes":[{"color_data":[{"css":"rgba(244,226,53,1)"},{"css":"rgba(29,105,119,1)"},{"css":"rgba(91,139,101,1)"},{"css":"rgba(5,93,127,1)"},{"css":"rgba(173,186,75,1)"}],"name":"documentSwatches"}]}